Workbook

Sheet Info
A1: Date | B1: 45944
A3: Info | B3: Triplicates of cattle and pig slurry with acetic acid and H2SO4 (12 in total)
B4: Encountered issues with foam formation in cattle slurry, one sample was stopped prematurely
B5: Use larger beakers, as this reduces foaming issues
B6: AA = Acetic acid
B8: Starting pH larger than last time? Check this

Sheet Data overview
A1: V (acid) [mL] | B1: V(acid) / m(slurry) [L/ton] | C1: m(H2SO4) / m(slurry) [kg/ton] | D1: pH Cattle H2SO4 (mean) | E1: stdev pH H2SO4 cattle | F1: pH cattle AA (mean) | G1: pH stdev Cattle AA | H1: pH pig H2SO4 (mean) | I1: pH stdev pig H2SO4 | J1: pH pig AA (mean) | K1: pH stdev pig AA
A2: ='Raw Data'!A4 -> 0 | B2: ='Raw Data'!B4 -> 0 | C2: ='Raw Data'!C4 -> 0 | D2: ='Raw Data'!M4 -> 7.12 | E2: ='Raw Data'!N4 -> 0.13490738 | F2: ='Raw Data'!V4 -> 7 | G2: ='Raw Data'!W4 -> 0.057154761 | H2: ='Raw Data'!AE4 -> 6.6033333 | I2: ='Raw Data'!AF4 -> 0.018856181 | J2: ='Raw Data'!AN4 -> 6.6033333 | K2: ='Raw Data'!AO4 -> 0.016996732
A3: ='Raw Data'!A5 -> 0.1 | B3: ='Raw Data'!B5 -> 0.4 | C3: ='Raw Data'!C5 -> 0.753348 | D3: ='Raw Data'!M5 -> 6.96 | E3: ='Raw Data'!N5 -> 0.16753109 | F3: ='Raw Data'!V5 -> 6.9233333 | G3: ='Raw Data'!W5 -> 0.061282588 | H3: ='Raw Data'!AE5 -> 6.3166667 | I3: ='Raw Data'!AF5 -> 0.0094280904 | J3: ='Raw Data'!AN5 -> 6.4733333 | K3: ='Raw Data'!AO5 -> 0.047842334
A4: ='Raw Data'!A6 -> 0.2 | B4: ='Raw Data'!B6 -> 0.8 | C4: ='Raw Data'!C6 -> 1.506696 | D4: ='Raw Data'!M6 -> 6.82 | E4: ='Raw Data'!N6 -> 0.15253415 | F4: ='Raw Data'!V6 -> 6.8233333 | G4: ='Raw Data'!W6 -> 0.020548047 | H4: ='Raw Data'!AE6 -> 6.1366667 | I4: ='Raw Data'!AF6 -> 0.037712362 | J4: ='Raw Data'!AN6 -> 6.3766667 | K4: ='Raw Data'!AO6 -> 0.074087036
A5: ='Raw Data'!A7 -> 0.3 | B5: ='Raw Data'!B7 -> 1.2 | C5: ='Raw Data'!C7 -> 2.260044 | D5: ='Raw Data'!M7 -> 6.74 | E5: ='Raw Data'!N7 -> 0.16083117 | F5: ='Raw Data'!V7 -> 6.7233333 | G5: ='Raw Data'!W7 -> 0.054365021 | H5: ='Raw Data'!AE7 -> 5.97 | I5: ='Raw Data'!AF7 -> 0.014142136 | J5: ='Raw Data'!AN7 -> 6.2933333 | K5: ='Raw Data'!AO7 -> 0.091043335
A6: ='Raw Data'!A8 -> 0.4 | B6: ='Raw Data'!B8 -> 1.6 | C6: ='Raw Data'!C8 -> 3.013392 | D6: ='Raw Data'!M8 -> 6.68 | E6: ='Raw Data'!N8 -> 0.143527 | F6: ='Raw Data'!V8 -> 6.65 | G6: ='Raw Data'!W8 -> 0.029439203 | H6: ='Raw Data'!AE8 -> 5.8333333 | I6: ='Raw Data'!AF8 -> 0.016996732 | J6: ='Raw Data'!AN8 -> 6.2233333 | K6: ='Raw Data'!AO8 -> 0.11145502
A7: ='Raw Data'!A9 -> 0.5 | B7: ='Raw Data'!B9 -> 2 | C7: ='Raw Data'!C9 -> 3.76674 | D7: ='Raw Data'!M9 -> 6.49 | E7: ='Raw Data'!N9 -> 0.17682383 | F7: ='Raw Data'!V9 -> 6.57 | G7: ='Raw Data'!W9 -> 0.024494897 | H7: ='Raw Data'!AE9 -> 5.6933333 | I7: ='Raw Data'!AF9 -> 0.016996732 | J7: ='Raw Data'!AN9 -> 6.1533333 | K7: ='Raw Data'!AO9 -> 0.11145502
A8: ='Raw Data'!A10 -> 0.6 | B8: ='Raw Data'!B10 -> 2.4 | C8: ='Raw Data'!C10 -> 4.520088 | D8: ='Raw Data'!M10 -> 6.3033333 | E8: ='Raw Data'!N10 -> 0.10498677 | F8: ='Raw Data'!V10 -> 6.4966667 | G8: ='Raw Data'!W10 -> 0.024944383 | H8: ='Raw Data'!AE10 -> 5.5633333 | I8: ='Raw Data'!AF10 -> 0.016996732 | J8: ='Raw Data'!AN10 -> 5.9833333 | K8: ='Raw Data'!AO10 -> 0.046427961
A9: ='Raw Data'!A11 -> 0.7 | B9: ='Raw Data'!B11 -> 2.8 | C9: ='Raw Data'!C11 -> 5.273436 | D9: ='Raw Data'!M11 -> 6.2166667 | E9: ='Raw Data'!N11 -> 0.15282525 | F9: ='Raw Data'!V11 -> 6.4633333 | G9: ='Raw Data'!W11 -> 0.03681787 | H9: ='Raw Data'!AE11 -> 5.4433333 | I9: ='Raw Data'!AF11 -> 0.024944383 | J9: ='Raw Data'!AN11 -> 5.9233333 | K9: ='Raw Data'!AO11 -> 0.038586123
A10: ='Raw Data'!A12 -> 0.8 | B10: ='Raw Data'!B12 -> 3.2 | C10: ='Raw Data'!C12 -> 6.026784 | D10: ='Raw Data'!M12 -> 6.1366667 | E10: ='Raw Data'!N12 -> 0.20237479 | F10: ='Raw Data'!V12 -> 6.4366667 | G10: ='Raw Data'!W12 -> 0.044969125 | H10: ='Raw Data'!AE12 -> 5.3266667 | I10: ='Raw Data'!AF12 -> 0.020548047 | J10: ='Raw Data'!AN12 -> 5.8633333 | K10: ='Raw Data'!AO12 -> 0.038586123
A11: ='Raw Data'!A13 -> 0.9 | B11: ='Raw Data'!B13 -> 3.6 | C11: ='Raw Data'!C13 -> 6.780132 | D11: ='Raw Data'!M13 -> 6.0266667 | E11: ='Raw Data'!N13 -> 0.27133415 | F11: ='Raw Data'!V13 -> 6.42 | G11: ='Raw Data'!W13 -> 0.056568542 | H11: ='Raw Data'!AE13 -> 5.23 | I11: ='Raw Data'!AF13 -> 0.021602469 | J11: ='Raw Data'!AN13 -> 5.8 | K11: ='Raw Data'!AO13 -> 0.043204938
A12: ='Raw Data'!A14 -> 1 | B12: ='Raw Data'!B14 -> 4 | C12: ='Raw Data'!C14 -> 7.53348 | D12: ='Raw Data'!M14 -> 5.9733333 | E12: ='Raw Data'!N14 -> 0.31478388 | F12: ='Raw Data'!V14 -> 6.3866667 | G12: ='Raw Data'!W14 -> 0.046427961 | H12: ='Raw Data'!AE14 -> 5.1333333 | I12: ='Raw Data'!AF14 -> 0.0094280904 | J12: ='Raw Data'!AN14 -> 5.7466667 | K12: ='Raw Data'!AO14 -> 0.047842334
A13: ='Raw Data'!A15 -> 1.1 | B13: ='Raw Data'!B15 -> 4.4 | C13: ='Raw Data'!C15 -> 8.286828 | D13: ='Raw Data'!M15 -> 5.92 | E13: ='Raw Data'!N15 -> 0.36505707 | F13: ='Raw Data'!V15 -> 6.3633333 | G13: ='Raw Data'!W15 -> 0.063420992 | H13: ='Raw Data'!AE15 -> 5.0466667 | I13: ='Raw Data'!AF15 -> 0.0047140452 | J13: ='Raw Data'!AN15 -> 5.6966667 | K13: ='Raw Data'!AO15 -> 0.054365021
... A18: ='Raw Data'!A20 -> 1.6 | B18: ='Raw Data'!B20 -> 6.4 | C18: ='Raw Data'!C20 -> 12.053568 | D18: ='Raw Data'!M20 -> 5.3466667 | E18: ='Raw Data'!N20 -> 0.68999195 | F18: ='Raw Data'!V20 -> 6.2733333 | G18: ='Raw Data'!W20 -> 0.10274023 | H18: ='Raw Data'!AE20 -> 4.71 | I18: ='Raw Data'!AF20 -> 0.0081649658 | J18: ='Raw Data'!AN20 -> 5.4566667 | K18: ='Raw Data'!AO20 -> 0.04189935
A19: ='Raw Data'!A21 -> 1.7 | B19: ='Raw Data'!B21 -> 6.8 | C19: ='Raw Data'!C21 -> 12.806916 | D19: ='Raw Data'!M21 -> 5.2066667 | F19: ='Raw Data'!V21 -> 6.26 | G19: ='Raw Data'!W21 -> 0.11224972 | H19: ='Raw Data'!AE21 -> 4.6466667 | I19: ='Raw Data'!AF21 -> 0.012472191 | J19: ='Raw Data'!AN21 -> 5.42 | K19: ='Raw Data'!AO21 -> 0.037416574
A20: ='Raw Data'!A22 -> 1.8 | B20: ='Raw Data'!B22 -> 7.2 | C20: ='Raw Data'!C22 -> 13.560264 | D20: ='Raw Data'!M22 -> 4.43 | F20: ='Raw Data'!V22 -> 6.2433333 | G20: ='Raw Data'!W22 -> 0.12119773 | H20: ='Raw Data'!AE22 -> 4.5733333 | I20: ='Raw Data'!AF22 -> 0.0094280904 | J20: ='Raw Data'!AN22 -> 5.3666667 | K20: ='Raw Data'!AO22 -> 0.026246693
A21: ='Raw Data'!A23 -> 1.9 | B21: ='Raw Data'!B23 -> 7.6 | C21: ='Raw Data'!C23 -> 14.313612 | D21: ='Raw Data'!M23 -> 4.345 | F21: ='Raw Data'!V23 -> 6.2166667 | G21: ='Raw Data'!W23 -> 0.13274872 | H21: ='Raw Data'!AE23 -> 4.5033333 | I21: ='Raw Data'!AF23 -> 0.012472191 | J21: ='Raw Data'!AN23 -> 5.3266667 | K21: ='Raw Data'!AO23 -> 0.020548047
A22: ='Raw Data'!A24 -> 2 | B22: ='Raw Data'!B24 -> 8 | C22: ='Raw Data'!C24 -> 15.06696 | D22: ='Raw Data'!M24 -> 4.29 | F22: ='Raw Data'!V24 -> 6.19 | G22: ='Raw Data'!W24 -> 0.14165686 | H22: ='Raw Data'!AE24 -> 4.4266667 | I22: ='Raw Data'!AF24 -> 0.0047140452 | J22: ='Raw Data'!AN24 -> 5.2933333 | K22: ='Raw Data'!AO24 -> 0.020548047
A23: ='Raw Data'!A25 -> 2.1 | B23: ='Raw Data'!B25 -> 8.4 | C23: ='Raw Data'!C25 -> 15.820308 | D23: ='Raw Data'!M25 -> 4.23 | F23: ='Raw Data'!V25 -> 6.17 | G23: ='Raw Data'!W25 -> 0.15253415 | H23: ='Raw Data'!AE25 -> 4.3433333 | I23: ='Raw Data'!AF25 -> 0.0047140452 | J23: ='Raw Data'!AN25 -> 5.2633333 | K23: ='Raw Data'!AO25 -> 0.016996732
A24: ='Raw Data'!A26 -> 2.2 | B24: ='Raw Data'!B26 -> 8.8 | C24: ='Raw Data'!C26 -> 16.573656 | D24: ='Raw Data'!M26 -> 4.155 | F24: ='Raw Data'!V26 -> 6.14 | G24: ='Raw Data'!W26 -> 0.16391054 | H24: ='Raw Data'!AE26 -> 4.2533333 | I24: ='Raw Data'!AF26 -> 0.0047140452 | J24: ='Raw Data'!AN26 -> 5.2333333 | K24: ='Raw Data'!AO26 -> 0.016996732
A25: ='Raw Data'!A27 -> 2.3 | B25: ='Raw Data'!B27 -> 9.2 | C25: ='Raw Data'!C27 -> 17.327004 | D25: ='Raw Data'!M27 -> 4.075 | F25: ='Raw Data'!V27 -> 6.1166667 | G25: ='Raw Data'!W27 -> 0.18116904 | H25: ='Raw Data'!AE27 -> 4.1533333 | I25: ='Raw Data'!AF27 -> 0.012472191 | J25: ='Raw Data'!AN27 -> 5.2133333 | K25: ='Raw Data'!AO27 -> 0.0094280904
A26: ='Raw Data'!A28 -> 2.4 | B26: ='Raw Data'!B28 -> 9.6 | C26: ='Raw Data'!C28 -> 18.080352 | D26: ='Raw Data'!M28 -> 3.995 | F26: ='Raw Data'!V28 -> 6.1 | G26: ='Raw Data'!W28 -> 0.18991226 | H26: ='Raw Data'!AE28 -> 4.0533333 | I26: ='Raw Data'!AF28 -> 0.012472191 | J26: ='Raw Data'!AN28 -> 5.19 | K26: ='Raw Data'!AO28 -> 0.0081649658
A27: ='Raw Data'!A29 -> 2.5 | B27: ='Raw Data'!B29 -> 10 | C27: ='Raw Data'!C29 -> 18.8337 | D27: ='Raw Data'!M29 -> 3.905 | F27: ='Raw Data'!V29 -> 6.0833333 | G27: ='Raw Data'!W29 -> 0.20677417 | H27: ='Raw Data'!AE29 -> 3.9266667 | I27: ='Raw Data'!AF29 -> 0.012472191 | J27: ='Raw Data'!AN29 -> 5.16 | K27: ='Raw Data'!AO29 -> 0.0081649658

Sheet Raw Data
G1: Cattle H2SO4 | P1: Cattle AA | Y1: Pig H2SO4 | AH1: Pig AA
D2: Constants | G2: A | I2: B | K2: C | M2: Mean | N2: stddev | P2: A | R2: B | T2: C | V2: Mean | W2: Stdev | Y2: A | AA2: B | AC2: C | AE2: Mean | AF2: Sdev | AH2: A | AJ2: B | AL2: C | AN2: Mean | AO2: stdev
A3: V(acid) [mL] | B3: v(acid) / m(slurry) [L/ton] | C3: m(H2SO4) / m(slurry) [kg/ton] | D3: m(slurry) [ton] | E3: =250*10^-6 -> 0.00025 | G3: pH | H3: comment | I3: pH | J3: comment | K3: pH | L3: Comment | M3: pH | N3: pH | P3: pH | Q3: comment | R3: pH | S3: comment | T3: pH | U3: comment | V3: pH | W3: pH | Y3: pH | Z3: comment | AA3: pH | AB3: Comment | AC3: pH | AD3: Comment | AE3: pH | AF3: pH | AH3: pH | AI3: Comment | AJ3: pH | AK3: comment | AL3: pH | AM3: comment | AN3: pH | AO3: pH
A4: 0 | B4: =(A4*10^-3)/$E$3 -> 0 | C4: =(A4*$E$4*10^-3)/$E$3 -> 0 | D4: ρ(96 wt% H2SO4, T = 20 degc) [g/mL] | E4: 1.88337 | G4: 7.04 | I4: 7.31 | K4: 7.01 | M4: =(G4+I4+K4)/3 -> 7.12 | N4: =_xlfn.STDEV.P(G4,I4,K4) -> 0.13490738 | P4: 7.07 | R4: 6.93 | T4: 7 | V4: =(P4+R4+T4)/3 -> 7 | W4: =_xlfn.STDEV.P(P4,R4,T4) -> 0.057154761 | Y4: 6.59 | AA4: 6.63 | AC4: 6.59 | AE4: =(Y4+AA4+AC4)/3 -> 6.6033333 | AF4: =_xlfn.STDEV.P(Y4,AA4,AC4) -> 0.018856181 | AH4: 6.61 | AJ4: 6.58 | AL4: 6.62 | AN4: =(AH4+AJ4+AL4)/3 -> 6.6033333 | AO4: =_xlfn.STDEV.P(AH4,AJ4,AL4) -> 0.016996732
A5: 0.1 | B5: =(A5*10^-3)/$E$3 -> 0.4 | C5: =(A5*$E$4*10^-3)/$E$3 -> 0.753348 | G5: 6.75 | I5: 7.16 | K5: 6.97 | M5: =(G5+I5+K5)/3 -> 6.96 | N5: =_xlfn.STDEV.P(G5,I5,K5) -> 0.16753109 | P5: 7 | R5: 6.85 | T5: 6.92 | V5: =(P5+R5+T5)/3 -> 6.9233333 | W5: =_xlfn.STDEV.P(P5,R5,T5) -> 0.061282588 | Y5: 6.31 | AA5: 6.33 | AC5: 6.31 | AE5: =(Y5+AA5+AC5)/3 -> 6.3166667 | AF5: =_xlfn.STDEV.P(Y5,AA5,AC5) -> 0.0094280904 | AH5: 6.45 | AJ5: 6.43 | AL5: 6.54 | AN5: =(AH5+AJ5+AL5)/3 -> 6.4733333 | AO5: =_xlfn.STDEV.P(AH5,AJ5,AL5) -> 0.047842334
A6: 0.2 | B6: =(A6*10^-3)/$E$3 -> 0.8 | C6: =(A6*$E$4*10^-3)/$E$3 -> 1.506696 | G6: 6.62 | I6: 6.99 | K6: 6.85 | M6: =(G6+I6+K6)/3 -> 6.82 | N6: =_xlfn.STDEV.P(G6,I6,K6) -> 0.15253415 | P6: 6.85 | R6: 6.8 | T6: 6.82 | V6: =(P6+R6+T6)/3 -> 6.8233333 | W6: =_xlfn.STDEV.P(P6,R6,T6) -> 0.020548047 | Y6: 6.11 | AA6: 6.19 | AC6: 6.11 | AE6: =(Y6+AA6+AC6)/3 -> 6.1366667 | AF6: =_xlfn.STDEV.P(Y6,AA6,AC6) -> 0.037712362 | AH6: 6.34 | AJ6: 6.31 | AL6: 6.48 | AN6: =(AH6+AJ6+AL6)/3 -> 6.3766667 | AO6: =_xlfn.STDEV.P(AH6,AJ6,AL6) -> 0.074087036
A7: 0.3 | B7: =(A7*10^-3)/$E$3 -> 1.2 | C7: =(A7*$E$4*10^-3)/$E$3 -> 2.260044 | G7: 6.52 | I7: 6.9 | K7: 6.8 | M7: =(G7+I7+K7)/3 -> 6.74 | N7: =_xlfn.STDEV.P(G7,I7,K7) -> 0.16083117 | P7: 6.78 | R7: 6.65 | T7: 6.74 | V7: =(P7+R7+T7)/3 -> 6.7233333 | W7: =_xlfn.STDEV.P(P7,R7,T7) -> 0.054365021 | Y7: 5.98 | AA7: 5.98 | AC7: 5.95 | AE7: =(Y7+AA7+AC7)/3 -> 5.97 | AF7: =_xlfn.STDEV.P(Y7,AA7,AC7) -> 0.014142136 | AH7: 6.25 | AJ7: 6.21 | AL7: 6.42 | AN7: =(AH7+AJ7+AL7)/3 -> 6.2933333 | AO7: =_xlfn.STDEV.P(AH7,AJ7,AL7) -> 0.091043335
A8: 0.4 | B8: =(A8*10^-3)/$E$3 -> 1.6 | C8: =(A8*$E$4*10^-3)/$E$3 -> 3.013392 | G8: 6.48 | I8: 6.75 | K8: 6.81 | M8: =(G8+I8+K8)/3 -> 6.68 | N8: =_xlfn.STDEV.P(G8,I8,K8) -> 0.143527 | P8: 6.62 | R8: 6.64 | T8: 6.69 | V8: =(P8+R8+T8)/3 -> 6.65 | W8: =_xlfn.STDEV.P(P8,R8,T8) -> 0.029439203 | Y8: 5.84 | AA8: 5.85 | AC8: 5.81 | AE8: =(Y8+AA8+AC8)/3 -> 5.8333333 | AF8: =_xlfn.STDEV.P(Y8,AA8,AC8) -> 0.016996732 | AH8: 6.16 | AJ8: 6.13 | AL8: 6.38 | AN8: =(AH8+AJ8+AL8)/3 -> 6.2233333 | AO8: =_xlfn.STDEV.P(AH8,AJ8,AL8) -> 0.11145502
A9: 0.5 | B9: =(A9*10^-3)/$E$3 -> 2 | C9: =(A9*$E$4*10^-3)/$E$3 -> 3.76674 | G9: 6.46 | I9: 6.72 | K9: 6.29 | M9: =(G9+I9+K9)/3 -> 6.49 | N9: =_xlfn.STDEV.P(G9,I9,K9) -> 0.17682383 | P9: 6.57 | R9: 6.6 | T9: 6.54 | V9: =(P9+R9+T9)/3 -> 6.57 | W9: =_xlfn.STDEV.P(P9,R9,T9) -> 0.024494897 | Y9: 5.7 | AA9: 5.71 | AC9: 5.67 | AE9: =(Y9+AA9+AC9)/3 -> 5.6933333 | AF9: =_xlfn.STDEV.P(Y9,AA9,AC9) -> 0.016996732 | AH9: 6.09 | AJ9: 6.06 | AL9: 6.31 | AN9: =(AH9+AJ9+AL9)/3 -> 6.1533333 | AO9: =_xlfn.STDEV.P(AH9,AJ9,AL9) -> 0.11145502
A10: 0.6 | B10: =(A10*10^-3)/$E$3 -> 2.4 | C10: =(A10*$E$4*10^-3)/$E$3 -> 4.520088 | G10: 6.45 | I10: 6.25 | K10: 6.21 | M10: =(G10+I10+K10)/3 -> 6.3033333 | N10: =_xlfn.STDEV.P(G10,I10,K10) -> 0.10498677 | P10: 6.49 | R10: 6.53 | T10: 6.47 | V10: =(P10+R10+T10)/3 -> 6.4966667 | W10: =_xlfn.STDEV.P(P10,R10,T10) -> 0.024944383 | Y10: 5.57 | AA10: 5.58 | AC10: 5.54 | AE10: =(Y10+AA10+AC10)/3 -> 5.5633333 | AF10: =_xlfn.STDEV.P(Y10,AA10,AC10) -> 0.016996732 | AH10: 6.03 | AJ10: 6 | AL10: 5.92 | AN10: =(AH10+AJ10+AL10)/3 -> 5.9833333 | AO10: =_xlfn.STDEV.P(AH10,AJ10,AL10) -> 0.046427961
A11: 0.7 | B11: =(A11*10^-3)/$E$3 -> 2.8 | C11: =(A11*$E$4*10^-3)/$E$3 -> 5.273436 | G11: 6.43 | I11: 6.08 | K11: 6.14 | M11: =(G11+I11+K11)/3 -> 6.2166667 | N11: =_xlfn.STDEV.P(G11,I11,K11) -> 0.15282525 | P11: 6.46 | R11: 6.51 | T11: 6.42 | V11: =(P11+R11+T11)/3 -> 6.4633333 | W11: =_xlfn.STDEV.P(P11,R11,T11) -> 0.03681787 | Y11: 5.47 | AA11: 5.45 | AC11: 5.41 | AE11: =(Y11+AA11+AC11)/3 -> 5.4433333 | AF11: =_xlfn.STDEV.P(Y11,AA11,AC11) -> 0.024944383 | AH11: 5.96 | AJ11: 5.94 | AL11: 5.87 | AN11: =(AH11+AJ11+AL11)/3 -> 5.9233333 | AO11: =_xlfn.STDEV.P(AH11,AJ11,AL11) -> 0.038586123
A12: 0.8 | B12: =(A12*10^-3)/$E$3 -> 3.2 | C12: =(A12*$E$4*10^-3)/$E$3 -> 6.026784 | G12: 6.42 | I12: 5.96 | K12: 6.03 | M12: =(G12+I12+K12)/3 -> 6.1366667 | N12: =_xlfn.STDEV.P(G12,I12,K12) -> 0.20237479 | P12: 6.41 | R12: 6.5 | T12: 6.4 | V12: =(P12+R12+T12)/3 -> 6.4366667 | W12: =_xlfn.STDEV.P(P12,R12,T12) -> 0.044969125 | Y12: 5.35 | AA12: 5.33 | AC12: 5.3 | AE12: =(Y12+AA12+AC12)/3 -> 5.3266667 | AF12: =_xlfn.STDEV.P(Y12,AA12,AC12) -> 0.020548047 | AH12: 5.9 | AJ12: 5.88 | AL12: 5.81 | AN12: =(AH12+AJ12+AL12)/3 -> 5.8633333 | AO12: =_xlfn.STDEV.P(AH12,AJ12,AL12) -> 0.038586123
A13: 0.9 | B13: =(A13*10^-3)/$E$3 -> 3.6 | C13: =(A13*$E$4*10^-3)/$E$3 -> 6.780132 | G13: 6.41 | I13: 5.82 | K13: 5.85 | M13: =(G13+I13+K13)/3 -> 6.0266667 | N13: =_xlfn.STDEV.P(G13,I13,K13) -> 0.27133415 | P13: 6.38 | R13: 6.5 | T13: 6.38 | V13: =(P13+R13+T13)/3 -> 6.42 | W13: =_xlfn.STDEV.P(P13,R13,T13) -> 0.056568542 | Y13: 5.26 | AA13: 5.22 | AC13: 5.21 | AE13: =(Y13+AA13+AC13)/3 -> 5.23 | AF13: =_xlfn.STDEV.P(Y13,AA13,AC13) -> 0.021602469 | AH13: 5.84 | AJ13: 5.82 | AL13: 5.74 | AN13: =(AH13+AJ13+AL13)/3 -> 5.8 | AO13: =_xlfn.STDEV.P(AH13,AJ13,AL13) -> 0.043204938
A14: 1 | B14: =(A14*10^-3)/$E$3 -> 4 | C14: =(A14*$E$4*10^-3)/$E$3 -> 7.53348 | G14: 6.4 | I14: 5.65 | K14: 5.87 | M14: =(G14+I14+K14)/3 -> 5.9733333 | N14: =_xlfn.STDEV.P(G14,I14,K14) -> 0.31478388 | P14: 6.37 | R14: 6.45 | T14: 6.34 | V14: =(P14+R14+T14)/3 -> 6.3866667 | W14: =_xlfn.STDEV.P(P14,R14,T14) -> 0.046427961 | Y14: 5.14 | AA14: 5.14 | AC14: 5.12 | AE14: =(Y14+AA14+AC14)/3 -> 5.1333333 | AF14: =_xlfn.STDEV.P(Y14,AA14,AC14) -> 0.0094280904 | AH14: 5.79 | AJ14: 5.77 | AL14: 5.68 | AN14: =(AH14+AJ14+AL14)/3 -> 5.7466667 | AO14: =_xlfn.STDEV.P(AH14,AJ14,AL14) -> 0.047842334
A15: 1.1 | B15: =(A15*10^-3)/$E$3 -> 4.4 | C15: =(A15*$E$4*10^-3)/$E$3 -> 8.286828 | G15: 6.39 | I15: 5.5 | K15: 5.87 | M15: =(G15+I15+K15)/3 -> 5.92 | N15: =_xlfn.STDEV.P(G15,I15,K15) -> 0.36505707 | P15: 6.34 | R15: 6.45 | T15: 6.3 | V15: =(P15+R15+T15)/3 -> 6.3633333 | W15: =_xlfn.STDEV.P(P15,R15,T15) -> 0.063420992 | Y15: 5.05 | AA15: 5.05 | AC15: 5.04 | AE15: =(Y15+AA15+AC15)/3 -> 5.0466667 | AF15: =_xlfn.STDEV.P(Y15,AA15,AC15) -> 0.0047140452 | AH15: 5.73 | AJ15: 5.74 | AL15: 5.62 | AN15: =(AH15+AJ15+AL15)/3 -> 5.6966667 | AO15: =_xlfn.STDEV.P(AH15,AJ15,AL15) -> 0.054365021
A16: 1.2 | B16: =(A16*10^-3)/$E$3 -> 4.8 | C16: =(A16*$E$4*10^-3)/$E$3 -> 9.040176 | G16: 6.37 | I16: 5.35 | K16: 5.75 | M16: =(G16+I16+K16)/3 -> 5.8233333 | N16: =_xlfn.STDEV.P(G16,I16,K16) -> 0.41962947 | P16: 6.34 | R16: 6.44 | T16: 6.28 | V16: =(P16+R16+T16)/3 -> 6.3533333 | W16: =_xlfn.STDEV.P(P16,R16,T16) -> 0.065996633 | Y16: 4.99 | AA16: 4.9 | AC16: 4.95 | AE16: =(Y16+AA16+AC16)/3 -> 4.9466667 | AF16: =_xlfn.STDEV.P(Y16,AA16,AC16) -> 0.03681787 | AH16: 5.67 | AJ16: 5.67 | AL16: 5.57 | AN16: =(AH16+AJ16+AL16)/3 -> 5.6366667 | AO16: =_xlfn.STDEV.P(AH16,AJ16,AL16) -> 0.047140452
... A20: 1.6 | B20: =(A20*10^-3)/$E$3 -> 6.4 | C20: =(A20*$E$4*10^-3)/$E$3 -> 12.053568 | G20: 6.32 | I20: 4.8 | K20: 4.92 | M20: =(G20+I20+K20)/3 -> 5.3466667 | N20: =_xlfn.STDEV.P(G20,I20,K20) -> 0.68999195 | P20: 6.29 | R20: 6.39 | T20: 6.14 | V20: =(P20+R20+T20)/3 -> 6.2733333 | W20: =_xlfn.STDEV.P(P20,R20,T20) -> 0.10274023 | Y20: 4.71 | AA20: 4.72 | AC20: 4.7 | AE20: =(Y20+AA20+AC20)/3 -> 4.71 | AF20: =_xlfn.STDEV.P(Y20,AA20,AC20) -> 0.0081649658 | AH20: 5.47 | AJ20: 5.5 | AL20: 5.4 | AN20: =(AH20+AJ20+AL20)/3 -> 5.4566667 | AO20: =_xlfn.STDEV.P(AH20,AJ20,AL20) -> 0.04189935
A21: 1.7 | B21: =(A21*10^-3)/$E$3 -> 6.8 | C21: =(A21*$E$4*10^-3)/$E$3 -> 12.806916 | G21: 6.08 | I21: 4.73 | K21: 4.81 | M21: =(G21+I21+K21)/3 -> 5.2066667 | P21: 6.29 | R21: 6.38 | T21: 6.11 | V21: =(P21+R21+T21)/3 -> 6.26 | W21: =_xlfn.STDEV.P(P21,R21,T21) -> 0.11224972 | Y21: 4.65 | AA21: 4.66 | AC21: 4.63 | AE21: =(Y21+AA21+AC21)/3 -> 4.6466667 | AF21: =_xlfn.STDEV.P(Y21,AA21,AC21) -> 0.012472191 | AH21: 5.43 | AJ21: 5.46 | AL21: 5.37 | AN21: =(AH21+AJ21+AL21)/3 -> 5.42 | AO21: =_xlfn.STDEV.P(AH21,AJ21,AL21) -> 0.037416574
A22: 1.8 | B22: =(A22*10^-3)/$E$3 -> 7.2 | C22: =(A22*$E$4*10^-3)/$E$3 -> 13.560264 | I22: 4.46 | K22: 4.4 | M22: =(I22+K22)/2 -> 4.43 | P22: 6.28 | R22: 6.37 | T22: 6.08 | V22: =(P22+R22+T22)/3 -> 6.2433333 | W22: =_xlfn.STDEV.P(P22,R22,T22) -> 0.12119773 | Y22: 4.58 | AA22: 4.58 | AC22: 4.56 | AE22: =(Y22+AA22+AC22)/3 -> 4.5733333 | AF22: =_xlfn.STDEV.P(Y22,AA22,AC22) -> 0.0094280904 | AH22: 5.39 | AJ22: 5.38 | AL22: 5.33 | AN22: =(AH22+AJ22+AL22)/3 -> 5.3666667 | AO22: =_xlfn.STDEV.P(AH22,AJ22,AL22) -> 0.026246693
A23: 1.9 | B23: =(A23*10^-3)/$E$3 -> 7.6 | C23: =(A23*$E$4*10^-3)/$E$3 -> 14.313612 | I23: 4.42 | K23: 4.27 | M23: =(I23+K23)/2 -> 4.345 | P23: 6.25 | R23: 6.36 | T23: 6.04 | V23: =(P23+R23+T23)/3 -> 6.2166667 | W23: =_xlfn.STDEV.P(P23,R23,T23) -> 0.13274872 | Y23: 4.5 | AA23: 4.52 | AC23: 4.49 | AE23: =(Y23+AA23+AC23)/3 -> 4.5033333 | AF23: =_xlfn.STDEV.P(Y23,AA23,AC23) -> 0.012472191 | AH23: 5.35 | AJ23: 5.33 | AL23: 5.3 | AN23: =(AH23+AJ23+AL23)/3 -> 5.3266667 | AO23: =_xlfn.STDEV.P(AH23,AJ23,AL23) -> 0.020548047
A24: 2 | B24: =(A24*10^-3)/$E$3 -> 8 | C24: =(A24*$E$4*10^-3)/$E$3 -> 15.06696 | I24: 4.39 | K24: 4.19 | M24: =(I24+K24)/2 -> 4.29 | P24: 6.23 | R24: 6.34 | T24: 6 | V24: =(P24+R24+T24)/3 -> 6.19 | W24: =_xlfn.STDEV.P(P24,R24,T24) -> 0.14165686 | Y24: 4.43 | AA24: 4.43 | AC24: 4.42 | AE24: =(Y24+AA24+AC24)/3 -> 4.4266667 | AF24: =_xlfn.STDEV.P(Y24,AA24,AC24) -> 0.0047140452 | AH24: 5.32 | AJ24: 5.29 | AL24: 5.27 | AN24: =(AH24+AJ24+AL24)/3 -> 5.2933333 | AO24: =_xlfn.STDEV.P(AH24,AJ24,AL24) -> 0.020548047
A25: 2.1 | B25: =(A25*10^-3)/$E$3 -> 8.4 | C25: =(A25*$E$4*10^-3)/$E$3 -> 15.820308 | I25: 4.35 | K25: 4.11 | M25: =(I25+K25)/2 -> 4.23 | P25: 6.2 | R25: 6.34 | T25: 5.97 | V25: =(P25+R25+T25)/3 -> 6.17 | W25: =_xlfn.STDEV.P(P25,R25,T25) -> 0.15253415 | Y25: 4.34 | AA25: 4.35 | AC25: 4.34 | AE25: =(Y25+AA25+AC25)/3 -> 4.3433333 | AF25: =_xlfn.STDEV.P(Y25,AA25,AC25) -> 0.0047140452 | AH25: 5.28 | AJ25: 5.27 | AL25: 5.24 | AN25: =(AH25+AJ25+AL25)/3 -> 5.2633333 | AO25: =_xlfn.STDEV.P(AH25,AJ25,AL25) -> 0.016996732
A26: 2.2 | B26: =(A26*10^-3)/$E$3 -> 8.8 | C26: =(A26*$E$4*10^-3)/$E$3 -> 16.573656 | I26: 4.31 | K26: 4 | M26: =(I26+K26)/2 -> 4.155 | P26: 6.16 | R26: 6.33 | T26: 5.93 | V26: =(P26+R26+T26)/3 -> 6.14 | W26: =_xlfn.STDEV.P(P26,R26,T26) -> 0.16391054 | Y26: 4.25 | AA26: 4.26 | AC26: 4.25 | AE26: =(Y26+AA26+AC26)/3 -> 4.2533333 | AF26: =_xlfn.STDEV.P(Y26,AA26,AC26) -> 0.0047140452 | AH26: 5.25 | AJ26: 5.24 | AL26: 5.21 | AN26: =(AH26+AJ26+AL26)/3 -> 5.2333333 | AO26: =_xlfn.STDEV.P(AH26,AJ26,AL26) -> 0.016996732
A27: 2.3 | B27: =(A27*10^-3)/$E$3 -> 9.2 | C27: =(A27*$E$4*10^-3)/$E$3 -> 17.327004 | I27: 4.27 | K27: 3.88 | M27: =(I27+K27)/2 -> 4.075 | P27: 6.15 | R27: 6.32 | T27: 5.88 | V27: =(P27+R27+T27)/3 -> 6.1166667 | W27: =_xlfn.STDEV.P(P27,R27,T27) -> 0.18116904 | Y27: 4.15 | AA27: 4.17 | AC27: 4.14 | AE27: =(Y27+AA27+AC27)/3 -> 4.1533333 | AF27: =_xlfn.STDEV.P(Y27,AA27,AC27) -> 0.012472191 | AH27: 5.22 | AJ27: 5.22 | AL27: 5.2 | AN27: =(AH27+AJ27+AL27)/3 -> 5.2133333 | AO27: =_xlfn.STDEV.P(AH27,AJ27,AL27) -> 0.0094280904
A28: 2.4 | B28: =(A28*10^-3)/$E$3 -> 9.6 | C28: =(A28*$E$4*10^-3)/$E$3 -> 18.080352 | I28: 4.22 | K28: 3.77 | M28: =(I28+K28)/2 -> 3.995 | P28: 6.14 | R28: 6.31 | T28: 5.85 | V28: =(P28+R28+T28)/3 -> 6.1 | W28: =_xlfn.STDEV.P(P28,R28,T28) -> 0.18991226 | Y28: 4.04 | AA28: 4.07 | AC28: 4.05 | AE28: =(Y28+AA28+AC28)/3 -> 4.0533333 | AF28: =_xlfn.STDEV.P(Y28,AA28,AC28) -> 0.012472191 | AH28: 5.19 | AJ28: 5.2 | AL28: 5.18 | AN28: =(AH28+AJ28+AL28)/3 -> 5.19 | AO28: =_xlfn.STDEV.P(AH28,AJ28,AL28) -> 0.0081649658
A29: 2.5 | B29: =(A29*10^-3)/$E$3 -> 10 | C29: =(A29*$E$4*10^-3)/$E$3 -> 18.8337 | I29: 4.1 | K29: 3.71 | M29: =(I29+K29)/2 -> 3.905 | P29: 6.13 | R29: 6.31 | T29: 5.81 | V29: =(P29+R29+T29)/3 -> 6.0833333 | W29: =_xlfn.STDEV.P(P29,R29,T29) -> 0.20677417 | Y29: 3.91 | AA29: 3.94 | AC29: 3.93 | AE29: =(Y29+AA29+AC29)/3 -> 3.9266667 | AF29: =_xlfn.STDEV.P(Y29,AA29,AC29) -> 0.012472191 | AH29: 5.16 | AJ29: 5.17 | AL29: 5.15 | AN29: =(AH29+AJ29+AL29)/3 -> 5.16 | AO29: =_xlfn.STDEV.P(AH29,AJ29,AL29) -> 0.0081649658
A30: 2.6 | B30: =(A30*10^-3)/$E$3 -> 10.4 | C30: =(A30*$E$4*10^-3)/$E$3 -> 19.587048 | R30: 6.3
A31: 2.7 | B31: =(A31*10^-3)/$E$3 -> 10.8 | C31: =(A31*$E$4*10^-3)/$E$3 -> 20.340396 | R31: 6.29
