Workbook

Sheet TAN
A1: ID | B1: m(sample) [g] | C1: NH4-N (diluted) [mg/L] | D1: m expected [g] | E1: Dilution factor [-] | F1: NH4-N (sample) [g/L] | G1: NH4-N (sample) [g/L] Mean | H1: NH4-N (sample) [g/L] stdev
A2: A1 | B2: 1.0665 | C2: 47 | D2: 1 | E2: 50 | F2: =((C2*D2*E2)/B2)/1000 -> 2.2034693
A3: A2 | B3: 1.0565 | C3: 41 | D3: 1 | E3: 50 | F3: =((C3*D3*E3)/B3)/1000 -> 1.9403691
A4: A3 | B4: 1.0466 | C4: 42 | D4: 1 | E4: 50 | F4: =((C4*D4*E4)/B4)/1000 -> 2.0064972 | G4: =AVERAGE(F2:F4) -> 2.0501119 | H4: =_xlfn.STDEV.P(F2:F4) -> 0.11175002
A5: H1 | B5: 1.0857 | C5: 43 | D5: 1 | E5: 50 | F5: =((C5*D5*E5)/B5)/1000 -> 1.9802892
A6: H2 | B6: 1.0198 | C6: 41 | D6: 1 | E6: 50 | F6: =((C6*D6*E6)/B6)/1000 -> 2.0101981
A7: H3 | B7: 1.0715 | C7: 45 | D7: 1 | E7: 50 | F7: =((C7*D7*E7)/B7)/1000 -> 2.09986 | G7: =AVERAGE(F5:F7) -> 2.0301158 | H7: =_xlfn.STDEV.P(F5:F7) -> 0.050805705
A8: R1 | B8: 1.0569 | C8: 40 | D8: 1 | E8: 50 | F8: =((C8*D8*E8)/B8)/1000 -> 1.8923266
A9: R2 | B9: 1.0821 | C9: 41 | D9: 1 | E9: 50 | F9: =((C9*D9*E9)/B9)/1000 -> 1.8944645
A10: R3 | B10: 1.0355 | C10: 39 | D10: 1 | E10: 50 | F10: =((C10*D10*E10)/B10)/1000 -> 1.8831482 | G10: =AVERAGE(F8:F10) -> 1.8899798 | H10: =_xlfn.STDEV.P(F8:F10) -> 0.0049088366
A11: ST1 | B11: 1.028 | C11: 74 | D11: 1 | E11: 50 | F11: =((C11*D11*E11)/B11)/1000 -> 3.5992218
A12: ST2 | B12: 1.0136 | C12: 77 | D12: 1 | E12: 50 | F12: =((C12*D12*E12)/B12)/1000 -> 3.7983425
A13: ST3 | B13: 1.01301 | C13: 68 | D13: 1 | E13: 50 | F13: =((C13*D13*E13)/B13)/1000 -> 3.3563341 | G13: =AVERAGE(F11:F13) -> 3.5846328 | H13: =_xlfn.STDEV.P(F11:F13) -> 0.18074383

Sheet DM
A1: ID | B1: m(alue) [g] | C1: m(wet + alue) [g] | D1: m(wet) | E1: m(dry + alue) [g] | F1: m(dry) | G1: %DM | H1: %DM avg | I1: %DM std-dev
A2: A1 | B2: 3.775 | C2: 33.933 | D2: =C2-B2 -> 30.158 | E2: 5.895 | F2: =E2-B2 -> 2.12 | G2: =(F2/D2)*100 -> 7.0296439
A3: A2 | B3: 3.765 | C3: 50.376 | D3: =C3-B3 -> 46.611 | E3: 7.096 | F3: =E3-B3 -> 3.331 | G3: =(F3/D3)*100 -> 7.1463818
A4: A3 | B4: 3.75 | C4: 49.814 | D4: =C4-B4 -> 46.064 | E4: 6.979 | F4: =E4-B4 -> 3.229 | G4: =(F4/D4)*100 -> 7.0098124 | H4: =AVERAGE(G2:G4) -> 7.061946 | I4: =_xlfn.STDEV.P(G2:G4) -> 0.060251508
A5: H1 | B5: 3.775 | C5: 33.897 | D5: =C5-B5 -> 30.122 | E5: 5.906 | F5: =E5-B5 -> 2.131 | G5: =(F5/D5)*100 -> 7.0745634
A6: H2 | B6: 3.765 | C6: 52.609 | D6: =C6-B6 -> 48.844 | E6: 7.238 | F6: =E6-B6 -> 3.473 | G6: =(F6/D6)*100 -> 7.1103923
A7: H3 | B7: 3.763 | C7: 41.021 | D7: =C7-B7 -> 37.258 | E7: 6.381 | F7: =E7-B7 -> 2.618 | G7: =(F7/D7)*100 -> 7.0266788 | H7: =AVERAGE(G5:G7) -> 7.0705448 | I7: =_xlfn.STDEV.P(G5:G7) -> 0.034293796
A8: R1 | B8: 3.753 | C8: 51.755 | D8: =C8-B8 -> 48.002 | E8: 7.028 | F8: =E8-B8 -> 3.275 | G8: =(F8/D8)*100 -> 6.8226324
A9: R2 | B9: 3.749 | C9: 53.471 | D9: =C9-B9 -> 49.722 | E9: 7.201 | F9: =E9-B9 -> 3.452 | G9: =(F9/D9)*100 -> 6.9426009
A10: R3 | B10: 3.75 | C10: 61.173 | D10: =C10-B10 -> 57.423 | E10: 7.816 | F10: =E10-B10 -> 4.066 | G10: =(F10/D10)*100 -> 7.0807864 | H10: =AVERAGE(G8:G10) -> 6.9486732 | I10: =_xlfn.STDEV.P(G8:G10) -> 0.10547838

Sheet pH
A1: ID | B1: pH (before acidification ) | C1: pH (after acidification) | D1: pH (aplication) | E1: pH (after experiment)
A2: AA | B2: 7.3 | C2: 6.69 | D2: 6.79 | E2: 7.46
A3: H2SO4 | B3: 7.26 | C3: 6.71 | D3: 6.63 | E3: 6.89
A4: RAW | B4: 7.33 | C4: - | D4: 7.3 | E4: 7.56
A5: std | B5: - | C5: - | D5: 8.31

Sheet TAN-App-rate
A1: ID | B1: NH4-N (sample) [g/L] Mean | C1: NH4-N [g/L] stdev | D1: NH4-N [kg/L] | E1: NH4-N stdev [kg/L] | F1: slurry target[g or mL] | G1: slurry target [kg or L] | H1: surface area [cm2] | I1: surface area [ha] | J1: Slurry app [L / ha] | K1: NH4-N app mean [kg/ha] | L1: NH4-N app stdev [kg/ha]
A2: Cattle slurry untreated | B2: 1.89 | C2: 0 | D2: =B2*10^-3 -> 0.00189 | E2: =C2*10^-3 -> 0 | F2: 2 | G2: =F2*10^-3 -> 0.002 | H2: 28.27 | I2: =H2*10^-8 -> 2.827e-07 | J2: =G2/I2 -> 7074.6374 | K2: =D2*J2 -> 13.371065 | L2: =J2*E2 -> 0
A3: Cattle slurry AA | B3: =TAN!G4 -> 2.0501119 | C3: =TAN!H4 -> 0.11175002 | D3: =B3*10^-3 -> 0.0020501119 | E3: =C3*10^-3 -> 0.00011175002 | F3: 2 | G3: =F3*10^-3 -> 0.002 | H3: 28.27 | I3: =H3*10^-8 -> 2.827e-07 | J3: =G3/I3 -> 7074.6374 | K3: =D3*J3 -> 14.503798 | L3: =J3*E3 -> 0.79059088
A4: Cattle slurry SA | B4: =TAN!G7 -> 2.0301158 | C4: =TAN!H7 -> 0.050805705 | D4: =B4*10^-3 -> 0.0020301158 | E4: =C4*10^-3 -> 5.0805705e-05 | F4: 2 | G4: =F4*10^-3 -> 0.002 | H4: 28.27 | I4: =H4*10^-8 -> 2.827e-07 | J4: =G4/I4 -> 7074.6374 | K4: =D4*J4 -> 14.362333 | L4: =J4*E4 -> 0.35943194
A5: Ammonium carbonate std untreated | B5: =TAN!G13 -> 3.5846328 | C5: =TAN!H13 -> 0.18074383 | D5: =B5*10^-3 -> 0.0035846328 | E5: =C5*10^-3 -> 0.00018074383 | F5: 2 | G5: =F5*10^-3 -> 0.002 | H5: 28.27 | I5: =H5*10^-8 -> 2.827e-07 | J5: =G5/I5 -> 7074.6374 | K5: =D5*J5 -> 25.359977 | L5: =J5*E5 -> 1.278697
