Workbook

Sheet Raw data
A1: H2SO4 A | D1: H2SO4 B | G1: H2SO4 C | V1: AA A | Y1: AA B | AB1: AA C
A2: V(acid) [μL] | B2: pH | D2: V(acid) [μL] | E2: pH | G2: =D2 -> V(acid) [μL] | H2: =E2 -> pH | J2: pH (avg) | K2: pH (std-dev) | V2: =G2 -> V(acid) [μL] | W2: pH | Y2: =V2 -> V(acid) [μL] | Z2: =W2 -> pH | AB2: =Y2 -> V(acid) [μL] | AC2: =Z2 -> pH | AE2: pH(avg) | AF2: pH( (stdev)
A3: 0 | B3: 7.34 | D3: =A3 -> 0 | E3: 7.43 | G3: =D3 -> 0 | H3: 7.19 | J3: =AVERAGE(B3,E3,H3) -> 7.32 | K3: =_xlfn.STDEV.P(B3,E3,H3) -> 0.098994949 | V3: =G3 -> 0 | W3: 7.16 | Y3: =V3 -> 0 | Z3: 7.27 | AB3: =Y3 -> 0 | AC3: 7.16 | AE3: =AVERAGE(W3,Z3,AC3) -> 7.1966667 | AF3: =_xlfn.STDEV.P(W3,Z3,AC3) -> 0.051854497
A4: 100 | B4: 6.98 | D4: =A4 -> 100 | E4: 6.99 | G4: =D4 -> 100 | H4: 6.92 | J4: =AVERAGE(B4,E4,H4) -> 6.9633333 | K4: =_xlfn.STDEV.P(B4,E4,H4) -> 0.030912062 | V4: =G4 -> 100 | W4: 7.03 | Y4: =V4 -> 100 | Z4: 7.02 | AB4: =Y4 -> 100 | AC4: 6.97 | AE4: =AVERAGE(W4,Z4,AC4) -> 7.0066667 | AF4: =_xlfn.STDEV.P(W4,Z4,AC4) -> 0.026246693
A5: 200 | B5: 6.78 | D5: =A5 -> 200 | E5: 6.69 | G5: =D5 -> 200 | H5: 6.63 | J5: =AVERAGE(B5,E5,H5) -> 6.7 | K5: =_xlfn.STDEV.P(B5,E5,H5) -> 0.06164414 | V5: =G5 -> 200 | W5: 6.88 | Y5: =V5 -> 200 | Z5: 6.87 | AB5: =Y5 -> 200 | AC5: 6.85 | AE5: =AVERAGE(W5,Z5,AC5) -> 6.8666667 | AF5: =_xlfn.STDEV.P(W5,Z5,AC5) -> 0.012472191
A6: 300 | B6: 6.61 | D6: =A6 -> 300 | E6: 6.48 | G6: =D6 -> 300 | H6: 6.46 | J6: =AVERAGE(B6,E6,H6) -> 6.5166667 | K6: =_xlfn.STDEV.P(B6,E6,H6) -> 0.066499791 | V6: =G6 -> 300 | W6: 6.73 | Y6: =V6 -> 300 | Z6: 6.73 | AB6: =Y6 -> 300 | AC6: 6.71 | AE6: =AVERAGE(W6,Z6,AC6) -> 6.7233333 | AF6: =_xlfn.STDEV.P(W6,Z6,AC6) -> 0.0094280904
A7: 400 | B7: 6.49 | D7: =A7 -> 400 | E7: 6.15 | G7: =D7 -> 400 | H7: 6.32 | J7: =AVERAGE(B7,E7,H7) -> 6.32 | K7: =_xlfn.STDEV.P(B7,E7,H7) -> 0.13880442 | V7: =G7 -> 400 | W7: 6.79 | Y7: =V7 -> 400 | Z7: 6.62 | AB7: =Y7 -> 400 | AC7: 6.65 | AE7: =AVERAGE(W7,Z7,AC7) -> 6.6866667 | AF7: =_xlfn.STDEV.P(W7,Z7,AC7) -> 0.074087036
A8: 500 | B8: 6.31 | D8: =A8 -> 500 | E8: 6.2 | G8: =D8 -> 500 | H8: 6.18 | J8: =AVERAGE(B8,E8,H8) -> 6.23 | K8: =_xlfn.STDEV.P(B8,E8,H8) -> 0.057154761 | V8: =G8 -> 500 | W8: 6.68 | Y8: =V8 -> 500 | Z8: 6.52 | AB8: =Y8 -> 500 | AC8: 6.57 | AE8: =AVERAGE(W8,Z8,AC8) -> 6.59 | AF8: =_xlfn.STDEV.P(W8,Z8,AC8) -> 0.066833126
A9: 600 | B9: 6.2 | D9: =A9 -> 600 | E9: 6.06 | G9: =D9 -> 600 | H9: 6.04 | J9: =AVERAGE(B9,E9,H9) -> 6.1 | K9: =_xlfn.STDEV.P(B9,E9,H9) -> 0.071180522 | V9: =G9 -> 600 | W9: 6.66 | Y9: =V9 -> 600 | Z9: 6.45 | AB9: =Y9 -> 600 | AC9: 6.49 | AE9: =AVERAGE(W9,Z9,AC9) -> 6.5333333 | AF9: =_xlfn.STDEV.P(W9,Z9,AC9) -> 0.091043335
A10: 700 | B10: 6.07 | D10: =A10 -> 700 | E10: 5.95 | G10: =D10 -> 700 | H10: 5.88 | J10: =AVERAGE(B10,E10,H10) -> 5.9666667 | K10: =_xlfn.STDEV.P(B10,E10,H10) -> 0.078457349 | V10: =G10 -> 700 | W10: 6.67 | Y10: =V10 -> 700 | Z10: 6.39 | AB10: =Y10 -> 700 | AC10: 6.41 | AE10: =AVERAGE(W10,Z10,AC10) -> 6.49 | AF10: =_xlfn.STDEV.P(W10,Z10,AC10) -> 0.12754084
A11: 800 | B11: 5.94 | D11: =A11 -> 800 | E11: 5.8 | G11: =D11 -> 800 | H11: 5.71 | J11: =AVERAGE(B11,E11,H11) -> 5.8166667 | K11: =_xlfn.STDEV.P(B11,E11,H11) -> 0.094633797 | V11: =G11 -> 800 | W11: 6.35 | Y11: =V11 -> 800 | Z11: 6.33 | AB11: =Y11 -> 800 | AC11: 6.34 | AE11: =AVERAGE(W11,Z11,AC11) -> 6.34 | AF11: =_xlfn.STDEV.P(W11,Z11,AC11) -> 0.0081649658
A12: 900 | B12: 5.84 | D12: =A12 -> 900 | E12: 5.73 | G12: =D12 -> 900 | H12: 5.52 | J12: =AVERAGE(B12,E12,H12) -> 5.6966667 | K12: =_xlfn.STDEV.P(B12,E12,H12) -> 0.13274872 | V12: =G12 -> 900 | W12: 6.24 | Y12: =V12 -> 900 | Z12: 6.26 | AB12: =Y12 -> 900 | AC12: 6.34 | AE12: =AVERAGE(W12,Z12,AC12) -> 6.28 | AF12: =_xlfn.STDEV.P(W12,Z12,AC12) -> 0.043204938
A13: 1000 | B13: 5.73 | D13: =A13 -> 1000 | E13: 5.49 | G13: =D13 -> 1000 | H13: 5.33 | J13: =AVERAGE(B13,E13,H13) -> 5.5166667 | K13: =_xlfn.STDEV.P(B13,E13,H13) -> 0.16438437 | V13: =G13 -> 1000 | W13: 6.16 | Y13: =V13 -> 1000 | Z13: 6.19 | AB13: =Y13 -> 1000 | AC13: 6.21 | AE13: =AVERAGE(W13,Z13,AC13) -> 6.1866667 | AF13: =_xlfn.STDEV.P(W13,Z13,AC13) -> 0.020548047
A14: 1100 | B14: 5.5 | D14: =A14 -> 1100 | E14: 5.35 | G14: =D14 -> 1100 | H14: 5.13 | J14: =AVERAGE(B14,E14,H14) -> 5.3266667 | K14: =_xlfn.STDEV.P(B14,E14,H14) -> 0.15195028 | V14: =G14 -> 1100 | W14: 6.09 | Y14: =V14 -> 1100 | Z14: 6.13 | AB14: =Y14 -> 1100 | AC14: 6.14 | AE14: =AVERAGE(W14,Z14,AC14) -> 6.12 | AF14: =_xlfn.STDEV.P(W14,Z14,AC14) -> 0.021602469
... A28: 2500 | B28: 2.85 | D28: =A28 -> 2500 | E28: 2.12 | G28: =D28 -> 2500 | H28: 1.86 | J28: =AVERAGE(B28,E28,H28) -> 2.2766667 | K28: =_xlfn.STDEV.P(B28,E28,H28) -> 0.41907305 | V28: =G28 -> 2500 | W28: 5.31 | Y28: =V28 -> 2500 | Z28: 5.29 | AB28: =Y28 -> 2500 | AC28: 5.34 | AE28: =AVERAGE(W28,Z28,AC28) -> 5.3133333 | AF28: =_xlfn.STDEV.P(W28,Z28,AC28) -> 0.020548047

Sheet Data overview
A1: V [mL] | B1: V(acid) / m(slurry) [L/Ton] | C1: V(H2SO4) / m(slurry) [kg/Ton] | D1: pH(AA) avg | E1: pH(AA) stdev | F1: pH(H2SO4) avg | G1: pH(H2SO4) stdev
A2: 0 | B2: ='Data overview'!A2/Constants!$B$1*10^-3 -> 0 | C2: =(Constants!B$2*'Data overview'!A2*10^-3)/Constants!$B$1 -> 0 | D2: ='Raw data'!AE3 -> 7.1966667 | E2: ='Raw data'!AF3 -> 0.051854497 | F2: ='Raw data'!J3 -> 7.32 | G2: ='Raw data'!K3 -> 0.098994949
A3: 0.1 | B3: ='Data overview'!A3/Constants!$B$1*10^-3 -> 0.5 | C3: =(Constants!B$2*'Data overview'!A3*10^-3)/Constants!$B$1 -> 0.94185 | D3: ='Raw data'!AE4 -> 7.0066667 | E3: ='Raw data'!AF4 -> 0.026246693 | F3: ='Raw data'!J4 -> 6.9633333 | G3: ='Raw data'!K4 -> 0.030912062
A4: 0.2 | B4: ='Data overview'!A4/Constants!$B$1*10^-3 -> 1 | C4: =(Constants!B$2*'Data overview'!A4*10^-3)/Constants!$B$1 -> 1.8837 | D4: ='Raw data'!AE5 -> 6.8666667 | E4: ='Raw data'!AF5 -> 0.012472191 | F4: ='Raw data'!J5 -> 6.7 | G4: ='Raw data'!K5 -> 0.06164414
A5: 0.3 | B5: ='Data overview'!A5/Constants!$B$1*10^-3 -> 1.5 | C5: =(Constants!B$2*'Data overview'!A5*10^-3)/Constants!$B$1 -> 2.82555 | D5: ='Raw data'!AE6 -> 6.7233333 | E5: ='Raw data'!AF6 -> 0.0094280904 | F5: ='Raw data'!J6 -> 6.5166667 | G5: ='Raw data'!K6 -> 0.066499791
A6: 0.4 | B6: ='Data overview'!A6/Constants!$B$1*10^-3 -> 2 | C6: =(Constants!B$2*'Data overview'!A6*10^-3)/Constants!$B$1 -> 3.7674 | D6: ='Raw data'!AE7 -> 6.6866667 | E6: ='Raw data'!AF7 -> 0.074087036 | F6: ='Raw data'!J7 -> 6.32 | G6: ='Raw data'!K7 -> 0.13880442
A7: 0.5 | B7: ='Data overview'!A7/Constants!$B$1*10^-3 -> 2.5 | C7: =(Constants!B$2*'Data overview'!A7*10^-3)/Constants!$B$1 -> 4.70925 | D7: ='Raw data'!AE8 -> 6.59 | E7: ='Raw data'!AF8 -> 0.066833126 | F7: ='Raw data'!J8 -> 6.23 | G7: ='Raw data'!K8 -> 0.057154761
A8: 0.6 | B8: ='Data overview'!A8/Constants!$B$1*10^-3 -> 3 | C8: =(Constants!B$2*'Data overview'!A8*10^-3)/Constants!$B$1 -> 5.6511 | D8: ='Raw data'!AE9 -> 6.5333333 | E8: ='Raw data'!AF9 -> 0.091043335 | F8: ='Raw data'!J9 -> 6.1 | G8: ='Raw data'!K9 -> 0.071180522
A9: 0.7 | B9: ='Data overview'!A9/Constants!$B$1*10^-3 -> 3.5 | C9: =(Constants!B$2*'Data overview'!A9*10^-3)/Constants!$B$1 -> 6.59295 | D9: ='Raw data'!AE10 -> 6.49 | E9: ='Raw data'!AF10 -> 0.12754084 | F9: ='Raw data'!J10 -> 5.9666667 | G9: ='Raw data'!K10 -> 0.078457349
A10: 0.8 | B10: ='Data overview'!A10/Constants!$B$1*10^-3 -> 4 | C10: =(Constants!B$2*'Data overview'!A10*10^-3)/Constants!$B$1 -> 7.5348 | D10: ='Raw data'!AE11 -> 6.34 | E10: ='Raw data'!AF11 -> 0.0081649658 | F10: ='Raw data'!J11 -> 5.8166667 | G10: ='Raw data'!K11 -> 0.094633797
A11: 0.9 | B11: ='Data overview'!A11/Constants!$B$1*10^-3 -> 4.5 | C11: =(Constants!B$2*'Data overview'!A11*10^-3)/Constants!$B$1 -> 8.47665 | D11: ='Raw data'!AE12 -> 6.28 | E11: ='Raw data'!AF12 -> 0.043204938 | F11: ='Raw data'!J12 -> 5.6966667 | G11: ='Raw data'!K12 -> 0.13274872
A12: 1 | B12: ='Data overview'!A12/Constants!$B$1*10^-3 -> 5 | C12: =(Constants!B$2*'Data overview'!A12*10^-3)/Constants!$B$1 -> 9.4185 | D12: ='Raw data'!AE13 -> 6.1866667 | E12: ='Raw data'!AF13 -> 0.020548047 | F12: ='Raw data'!J13 -> 5.5166667 | G12: ='Raw data'!K13 -> 0.16438437
A13: 1.1 | B13: ='Data overview'!A13/Constants!$B$1*10^-3 -> 5.5 | C13: =(Constants!B$2*'Data overview'!A13*10^-3)/Constants!$B$1 -> 10.36035 | D13: ='Raw data'!AE14 -> 6.12 | E13: ='Raw data'!AF14 -> 0.021602469 | F13: ='Raw data'!J14 -> 5.3266667 | G13: ='Raw data'!K14 -> 0.15195028
... A27: 2.5 | B27: ='Data overview'!A27/Constants!$B$1*10^-3 -> 12.5 | C27: =(Constants!B$2*'Data overview'!A27*10^-3)/Constants!$B$1 -> 23.54625 | D27: ='Raw data'!AE28 -> 5.3133333 | E27: ='Raw data'!AF28 -> 0.020548047 | F27: ='Raw data'!J28 -> 2.2766667 | G27: ='Raw data'!K28 -> 0.41907305

Sheet Constants
A1: m(slurry) [Ton] | B1: =200*10^-6 -> 0.0002
A2: ρ(H2SO4) [g/mL] | B2: 1.8837
