Workbook

Sheet Water content
A1: 46055 | B1: ID | C1: m(alue) [g] | D1: m(alue + wet) [g] | E1: m(wet) [g] | F1: m(dry) [g] | G1: m(water) [g] | H1: water content [g/g]
B2: F1 | C2: 4.302 | D2: 158.698 | E2: =D2-C2 -> 154.396 | F2: 129.72 | G2: =E2-F2 -> 24.676 | H2: =G2/F2 -> 0.1902251
B3: F2 | C3: 4.306 | D3: 119.036 | E3: =D3-C3 -> 114.73 | F3: 96.485 | G3: =E3-F3 -> 18.245 | H3: =G3/F3 -> 0.18909675
B4: F3 | C4: 4.294 | D4: 160.366 | E4: =D4-C4 -> 156.072 | F4: 130.989 | G4: =E4-F4 -> 25.083 | H4: =G4/F4 -> 0.19148936
B5: MZ1 | C5: 4.286 | D5: 91.911 | E5: =D5-C5 -> 87.625 | F5: 78.049 | G5: =E5-F5 -> 9.576 | H5: =G5/F5 -> 0.12269215
B6: MZ2 | C6: 4.288 | D6: 79.844 | E6: =D6-C6 -> 75.556 | F6: 67.78 | G6: =E6-F6 -> 7.776 | H6: =G6/F6 -> 0.11472411
B7: MZ3 | C7: 4.3 | D7: 77.1 | E7: =D7-C7 -> 72.8 | F7: 65.539 | G7: =E7-F7 -> 7.261 | H7: =G7/F7 -> 0.110789
A9: 46071
B10: F1 | C10: 4.289 | D10: 112.913 | E10: =D10-C10 -> 108.624 | F10: 92.739 | G10: =E10-F10 -> 15.885 | H10: =G10/F10 -> 0.17128716
B11: F2 | C11: 4.275 | D11: 74.377 | E11: =D11-C11 -> 70.102 | F11: 62.08 | G11: =E11-F11 -> 8.022 | H11: =G11/F11 -> 0.12922036
B12: MZ1 | C12: 4.273 | D12: 54.822 | E12: =D12-C12 -> 50.549 | F12: 47.104 | G12: =E12-F12 -> 3.445 | H12: =G12/F12 -> 0.073136039
B13: MZ2 | C13: 4.287 | D13: 54.572 | E13: =D13-C13 -> 50.285 | F13: 46.857 | G13: =E13-F13 -> 3.428 | H13: =G13/F13 -> 0.07315876

Sheet Packed soils
A1: Field soil dry bulk density [g/cm3] | B1: Sample volume [cm3] | C1: Field water content (02-02-2026) [g(water) / g(soil)] | D1: Packed water conent (02-02-2026) [g(water/g(dry) | F1: soil to add [g] | G1: stdev [g] | H1: Per stamp [g] | I1: stdev [g] | K1: water in packed soil [g] (02-02) | L1: Wanted amount [g] | M1: Water to add -total [g] | N1: Per stamp [g]
A2: 1.56 | B2: 100 | C2: ='Water content'!H2 -> 0.1902251 | D2: ='Water content'!H5 -> 0.12269215 | F2: =A11*B2 -> 146 | G2: =A12*B2 -> 8.055364 | H2: =F2/4 -> 36.5 | I2: =G2/4 -> 2.013841 | K2: =D5*F2 -> 16.945989 | L2: =F2*C4 -> 27.957447 | M2: =L2-K2 -> 11.011458 | N2: =M2/4 -> 2.7528644
A3: 1.45 | C3: ='Water content'!H3 -> 0.18909675 | D3: ='Water content'!H6 -> 0.11472411
A4: 1.44 | C4: ='Water content'!H4 -> 0.19148936 | D4: ='Water content'!H7 -> 0.110789 | K4: Water in packed soil (18-02) | L4: Added water [g] | M4: water content [g(water) / g soil]
A5: 1.47 | D5: =AVERAGE(D2:D4) -> 0.11606842 | E5: avg | K5: =F2*D9 -> 10.22 | L5: =M2 -> 11.011458 | M5: =(K5+L5)/(F2-K5) -> 0.1563666
A6: 1.31 | D6: =_xlfn.STDEV.P(D2:D4) -> 0.0049515439 | E6: stdev
A7: 1.39
A8: 1.44 | D8: Packed water content (18-02-2026) [g(water) / g(dry))
A9: 1.6 | D9: 0.07
A10: 1.48
A11: =AVERAGE(A2:A10) -> 1.46 | B11: avg
A12: =_xlfn.STDEV.P(A2:A10) -> 0.08055364 | B12: stdev

Sheet soil pH
A1: ID | B1: m(soil) [g] | C1: pH
A2: 1 | B2: 20.061 | C2: 5.85
A3: 2 | B3: 20.004 | C3: 6.15
A4: MZ1 | B4: - | C4: 5.34
A5: MZ2 | B5: - | C5: 5.31

Sheet Soil TAN
A1: 2 field samples used as dublicates | F1: ID | G1: m(soil) [g]
A2: TAN-concentration bellow meassurable range | F2: 1.1 | G2: 0.996
F3: 1.2 | G3: 0.995
F4: 2.1 | G4: 1.011
F5: 2.2 | G5: 0.977
